"","Fecha","Precio"
"1",2014-09-17,457.334015
"2",2014-09-18,424.440002
"3",2014-09-19,394.79599
"4",2014-09-20,408.903992
"5",2014-09-21,398.821014
"6",2014-09-22,402.152008
"7",2014-09-23,435.790985
"8",2014-09-24,423.204987
"9",2014-09-25,411.574005
"10",2014-09-26,404.424988
"11",2014-09-27,399.519989
"12",2014-09-28,377.181
"13",2014-09-29,375.46701
"14",2014-09-30,386.944
"15",2014-10-01,383.61499
"16",2014-10-02,375.071991
"17",2014-10-03,359.511993
"18",2014-10-04,328.865997
"19",2014-10-05,320.51001
"20",2014-10-06,330.07901
"21",2014-10-07,336.187012
"22",2014-10-08,352.940002
"23",2014-10-09,365.026001
"24",2014-10-10,361.562012
"25",2014-10-11,362.299011
"26",2014-10-12,378.549011
"27",2014-10-13,390.414001
"28",2014-10-14,400.869995
"29",2014-10-15,394.77301
"30",2014-10-16,382.556
"31",2014-10-17,383.757996
"32",2014-10-18,391.441986
"33",2014-10-19,389.54599
"34",2014-10-20,382.845001
"35",2014-10-21,386.475006
"36",2014-10-22,383.15799
"37",2014-10-23,358.416992
"38",2014-10-24,358.345001
"39",2014-10-25,347.270996
"40",2014-10-26,354.70401
"41",2014-10-27,352.989014
"42",2014-10-28,357.618011
"43",2014-10-29,335.591003
"44",2014-10-30,345.304993
"45",2014-10-31,338.321014
"46",2014-11-01,325.748993
"47",2014-11-02,325.891998
"48",2014-11-03,327.553986
"49",2014-11-04,330.492004
"50",2014-11-05,339.485992
"51",2014-11-06,349.290009
"52",2014-11-07,342.415009
"53",2014-11-08,345.488007
"54",2014-11-09,363.264008
"55",2014-11-10,366.924011
"56",2014-11-11,367.695007
"57",2014-11-12,423.561005
"58",2014-11-13,420.734985
"59",2014-11-14,397.817993
"60",2014-11-15,376.132996
"61",2014-11-16,387.881989
"62",2014-11-17,387.40799
"63",2014-11-18,375.197998
"64",2014-11-19,380.554993
"65",2014-11-20,357.839996
"66",2014-11-21,350.847992
"67",2014-11-22,352.920013
"68",2014-11-23,367.572998
"69",2014-11-24,376.901001
"70",2014-11-25,375.347992
"71",2014-11-26,368.369995
"72",2014-11-27,369.670013
"73",2014-11-28,376.446991
"74",2014-11-29,375.490997
"75",2014-11-30,378.046997
"76",2014-12-01,379.244995
"77",2014-12-02,381.315002
"78",2014-12-03,375.01001
"79",2014-12-04,369.604004
"80",2014-12-05,376.854004
"81",2014-12-06,374.785004
"82",2014-12-07,375.095001
"83",2014-12-08,361.908997
"84",2014-12-09,352.218994
"85",2014-12-10,346.36499
"86",2014-12-11,350.506012
"87",2014-12-12,352.541992
"88",2014-12-13,347.376007
"89",2014-12-14,351.631989
"90",2014-12-15,345.345001
"91",2014-12-16,327.062012
"92",2014-12-17,319.776001
"93",2014-12-18,311.395996
"94",2014-12-19,317.842987
"95",2014-12-20,329.955994
"96",2014-12-21,320.842987
"97",2014-12-22,331.885986
"98",2014-12-23,334.571991
"99",2014-12-24,322.533997
"100",2014-12-25,319.007996
"101",2014-12-26,327.924011
"102",2014-12-27,315.863007
"103",2014-12-28,317.239014
"104",2014-12-29,312.670013
"105",2014-12-30,310.737
"106",2014-12-31,320.192993
"107",2015-01-01,314.248993
"108",2015-01-02,315.032013
"109",2015-01-03,281.082001
"110",2015-01-04,264.195007
"111",2015-01-05,274.473999
"112",2015-01-06,286.188995
"113",2015-01-07,294.337006
"114",2015-01-08,283.348999
"115",2015-01-09,290.40799
"116",2015-01-10,274.79599
"117",2015-01-11,265.660004
"118",2015-01-12,267.79599
"119",2015-01-13,225.860992
"120",2015-01-14,178.102997
"121",2015-01-15,209.843994
"122",2015-01-16,208.097
"123",2015-01-17,199.259995
"124",2015-01-18,210.339005
"125",2015-01-19,214.860992
"126",2015-01-20,211.315002
"127",2015-01-21,226.897003
"128",2015-01-22,233.406006
"129",2015-01-23,232.878998
"130",2015-01-24,247.847
"131",2015-01-25,253.718002
"132",2015-01-26,273.472992
"133",2015-01-27,263.475006
"134",2015-01-28,233.914993
"135",2015-01-29,233.513
"136",2015-01-30,226.425003
"137",2015-01-31,217.464005
"138",2015-02-01,226.972
"139",2015-02-02,238.229004
"140",2015-02-03,227.268005
"141",2015-02-04,226.852997
"142",2015-02-05,217.110992
"143",2015-02-06,222.266006
"144",2015-02-07,227.753998
"145",2015-02-08,223.412003
"146",2015-02-09,220.110001
"147",2015-02-10,219.839005
"148",2015-02-11,219.184998
"149",2015-02-12,221.764008
"150",2015-02-13,235.427002
"151",2015-02-14,257.321014
"152",2015-02-15,234.824997
"153",2015-02-16,233.843002
"154",2015-02-17,243.610001
"155",2015-02-18,236.326004
"156",2015-02-19,240.283005
"157",2015-02-20,243.779007
"158",2015-02-21,244.533997
"159",2015-02-22,235.977005
"160",2015-02-23,238.891998
"161",2015-02-24,238.735001
"162",2015-02-25,237.470001
"163",2015-02-26,236.425995
"164",2015-02-27,253.828003
"165",2015-02-28,254.263
"166",2015-03-01,260.201996
"167",2015-03-02,275.670013
"168",2015-03-03,281.701996
"169",2015-03-04,273.09201
"170",2015-03-05,276.178009
"171",2015-03-06,272.722992
"172",2015-03-07,276.260986
"173",2015-03-08,274.354004
"174",2015-03-09,289.606995
"175",2015-03-10,291.76001
"176",2015-03-11,296.378998
"177",2015-03-12,294.354004
"178",2015-03-13,285.337006
"179",2015-03-14,281.88501
"180",2015-03-15,286.393005
"181",2015-03-16,290.592987
"182",2015-03-17,285.505005
"183",2015-03-18,256.299011
"184",2015-03-19,260.928009
"185",2015-03-20,261.748993
"186",2015-03-21,260.024994
"187",2015-03-22,267.959991
"188",2015-03-23,266.73999
"189",2015-03-24,245.595001
"190",2015-03-25,246.197006
"191",2015-03-26,248.531998
"192",2015-03-27,247.029007
"193",2015-03-28,252.798004
"194",2015-03-29,242.712997
"195",2015-03-30,247.526001
"196",2015-03-31,244.223999
"197",2015-04-01,247.272003
"198",2015-04-02,253.005005
"199",2015-04-03,254.322006
"200",2015-04-04,253.697006
"201",2015-04-05,260.597992
"202",2015-04-06,255.492004
"203",2015-04-07,253.179993
"204",2015-04-08,245.022003
"205",2015-04-09,243.675995
"206",2015-04-10,236.072006
"207",2015-04-11,236.552002
"208",2015-04-12,236.153
"209",2015-04-13,224.587006
"210",2015-04-14,219.158997
"211",2015-04-15,223.832993
"212",2015-04-16,228.572998
"213",2015-04-17,222.882004
"214",2015-04-18,223.356003
"215",2015-04-19,222.600006
"216",2015-04-20,224.626007
"217",2015-04-21,235.268997
"218",2015-04-22,234.175995
"219",2015-04-23,236.462006
"220",2015-04-24,231.268005
"221",2015-04-25,226.389999
"222",2015-04-26,219.429993
"223",2015-04-27,229.285995
"224",2015-04-28,225.854996
"225",2015-04-29,225.807999
"226",2015-04-30,236.145004
"227",2015-05-01,232.078995
"228",2015-05-02,234.929993
"229",2015-05-03,240.358002
"230",2015-05-04,239.018005
"231",2015-05-05,236.121002
"232",2015-05-06,229.781998
"233",2015-05-07,237.334
"234",2015-05-08,243.863007
"235",2015-05-09,241.832001
"236",2015-05-10,240.296005
"237",2015-05-11,242.158005
"238",2015-05-12,241.112
"239",2015-05-13,236.376999
"240",2015-05-14,236.929001
"241",2015-05-15,237.604996
"242",2015-05-16,236.153
"243",2015-05-17,236.802002
"244",2015-05-18,233.128006
"245",2015-05-19,231.947006
"246",2015-05-20,234.018005
"247",2015-05-21,235.343994
"248",2015-05-22,240.348007
"249",2015-05-23,238.871994
"250",2015-05-24,240.953003
"251",2015-05-25,237.110001
"252",2015-05-26,237.115997
"253",2015-05-27,237.283005
"254",2015-05-28,237.408005
"255",2015-05-29,237.095993
"256",2015-05-30,233.345001
"257",2015-05-31,230.190002
"258",2015-06-01,222.925995
"259",2015-06-02,225.802994
"260",2015-06-03,225.873993
"261",2015-06-04,224.324005
"262",2015-06-05,224.951996
"263",2015-06-06,225.619003
"264",2015-06-07,222.880997
"265",2015-06-08,228.488998
"266",2015-06-09,229.048004
"267",2015-06-10,228.802994
"268",2015-06-11,229.705002
"269",2015-06-12,229.981995
"270",2015-06-13,232.401993
"271",2015-06-14,233.542999
"272",2015-06-15,236.822998
"273",2015-06-16,250.895004
"274",2015-06-17,249.283997
"275",2015-06-18,249.007004
"276",2015-06-19,244.606003
"277",2015-06-20,245.212006
"278",2015-06-21,243.944
"279",2015-06-22,246.990005
"280",2015-06-23,244.296005
"281",2015-06-24,240.514999
"282",2015-06-25,242.798996
"283",2015-06-26,243.593994
"284",2015-06-27,250.990005
"285",2015-06-28,249.011002
"286",2015-06-29,257.063995
"287",2015-06-30,263.071991
"288",2015-07-01,258.621002
"289",2015-07-02,255.412003
"290",2015-07-03,256.335999
"291",2015-07-04,260.885986
"292",2015-07-05,271.912994
"293",2015-07-06,269.029999
"294",2015-07-07,266.207001
"295",2015-07-08,270.785004
"296",2015-07-09,269.227997
"297",2015-07-10,284.894012
"298",2015-07-11,293.11499
"299",2015-07-12,310.867004
"300",2015-07-13,292.053986
"301",2015-07-14,287.463989
"302",2015-07-15,285.82901
"303",2015-07-16,278.088989
"304",2015-07-17,279.471985
"305",2015-07-18,274.901001
"306",2015-07-19,273.614014
"307",2015-07-20,278.980988
"308",2015-07-21,275.833008
"309",2015-07-22,277.221985
"310",2015-07-23,276.049011
"311",2015-07-24,288.278015
"312",2015-07-25,288.696991
"313",2015-07-26,292.686005
"314",2015-07-27,293.623993
"315",2015-07-28,294.427002
"316",2015-07-29,289.589996
"317",2015-07-30,287.721985
"318",2015-07-31,284.649994
"319",2015-08-01,281.601013
"320",2015-08-02,282.614014
"321",2015-08-03,281.22699
"322",2015-08-04,285.217987
"323",2015-08-05,281.881989
"324",2015-08-06,278.576996
"325",2015-08-07,279.584991
"326",2015-08-08,260.997009
"327",2015-08-09,265.083008
"328",2015-08-10,264.470001
"329",2015-08-11,270.385986
"330",2015-08-12,266.376007
"331",2015-08-13,264.079987
"332",2015-08-14,265.679993
"333",2015-08-15,261.550995
"334",2015-08-16,258.506989
"335",2015-08-17,257.976013
"336",2015-08-18,211.078995
"337",2015-08-19,226.684006
"338",2015-08-20,235.350006
"339",2015-08-21,232.569
"340",2015-08-22,230.389999
"341",2015-08-23,228.169006
"342",2015-08-24,210.494995
"343",2015-08-25,221.608994
"344",2015-08-26,225.830994
"345",2015-08-27,224.768997
"346",2015-08-28,231.395996
"347",2015-08-29,229.779999
"348",2015-08-30,228.761002
"349",2015-08-31,230.056
"350",2015-09-01,228.121002
"351",2015-09-02,229.283997
"352",2015-09-03,227.182999
"353",2015-09-04,230.298004
"354",2015-09-05,235.018997
"355",2015-09-06,239.839996
"356",2015-09-07,239.847
"357",2015-09-08,243.606995
"358",2015-09-09,238.167999
"359",2015-09-10,238.477005
"360",2015-09-11,240.106995
"361",2015-09-12,235.229004
"362",2015-09-13,230.511993
"363",2015-09-14,230.643997
"364",2015-09-15,230.304001
"365",2015-09-16,229.091003
"366",2015-09-17,229.809998
"367",2015-09-18,232.975006
"368",2015-09-19,231.492996
"369",2015-09-20,231.212006
"370",2015-09-21,227.085007
"371",2015-09-22,230.617996
"372",2015-09-23,230.283005
"373",2015-09-24,234.529007
"374",2015-09-25,235.143997
"375",2015-09-26,234.339996
"376",2015-09-27,232.757004
"377",2015-09-28,239.141998
"378",2015-09-29,236.686996
"379",2015-09-30,236.059998
"380",2015-10-01,237.548996
"381",2015-10-02,237.292999
"382",2015-10-03,238.729996
"383",2015-10-04,238.259003
"384",2015-10-05,240.382996
"385",2015-10-06,246.063004
"386",2015-10-07,242.968994
"387",2015-10-08,242.304001
"388",2015-10-09,243.931
"389",2015-10-10,244.940994
"390",2015-10-11,247.050003
"391",2015-10-12,245.307999
"392",2015-10-13,249.507996
"393",2015-10-14,251.988998
"394",2015-10-15,254.320007
"395",2015-10-16,262.868988
"396",2015-10-17,270.640015
"397",2015-10-18,261.643005
"398",2015-10-19,263.437012
"399",2015-10-20,269.463013
"400",2015-10-21,266.272003
"401",2015-10-22,274.02301
"402",2015-10-23,276.496002
"403",2015-10-24,281.653992
"404",2015-10-25,283.679993
"405",2015-10-26,285.299988
"406",2015-10-27,293.787994
"407",2015-10-28,304.618011
"408",2015-10-29,313.855011
"409",2015-10-30,328.015015
"410",2015-10-31,314.165985
"411",2015-11-01,325.431
"412",2015-11-02,361.188995
"413",2015-11-03,403.416992
"414",2015-11-04,411.562988
"415",2015-11-05,386.354004
"416",2015-11-06,374.470001
"417",2015-11-07,386.481995
"418",2015-11-08,373.368011
"419",2015-11-09,380.256989
"420",2015-11-10,336.819
"421",2015-11-11,311.084015
"422",2015-11-12,338.152008
"423",2015-11-13,336.752991
"424",2015-11-14,332.906006
"425",2015-11-15,320.165985
"426",2015-11-16,330.751007
"427",2015-11-17,335.093994
"428",2015-11-18,334.589996
"429",2015-11-19,326.148987
"430",2015-11-20,322.022003
"431",2015-11-21,326.927002
"432",2015-11-22,324.536011
"433",2015-11-23,323.04599
"434",2015-11-24,320.04599
"435",2015-11-25,328.205994
"436",2015-11-26,352.68399
"437",2015-11-27,358.041992
"438",2015-11-28,357.381012
"439",2015-11-29,371.294006
"440",2015-11-30,377.321014
"441",2015-12-01,362.488007
"442",2015-12-02,359.187012
"443",2015-12-03,361.04599
"444",2015-12-04,363.183014
"445",2015-12-05,388.949005
"446",2015-12-06,388.78299
"447",2015-12-07,395.536011
"448",2015-12-08,415.562988
"449",2015-12-09,417.562988
"450",2015-12-10,415.479004
"451",2015-12-11,451.937988
"452",2015-12-12,434.997009
"453",2015-12-13,433.755005
"454",2015-12-14,444.182007
"455",2015-12-15,465.321014
"456",2015-12-16,454.93399
"457",2015-12-17,456.078003
"458",2015-12-18,463.615997
"459",2015-12-19,462.321991
"460",2015-12-20,442.684998
"461",2015-12-21,438.639008
"462",2015-12-22,436.571991
"463",2015-12-23,442.401001
"464",2015-12-24,454.984985
"465",2015-12-25,455.653015
"466",2015-12-26,417.273987
"467",2015-12-27,422.822998
"468",2015-12-28,422.278992
"469",2015-12-29,432.983002
"470",2015-12-30,426.619995
"471",2015-12-31,430.566986
"472",2016-01-01,434.334015
"473",2016-01-02,433.437988
"474",2016-01-03,430.010986
"475",2016-01-04,433.091003
"476",2016-01-05,431.959991
"477",2016-01-06,429.105011
"478",2016-01-07,458.048004
"479",2016-01-08,453.230011
"480",2016-01-09,447.610992
"481",2016-01-10,447.990997
"482",2016-01-11,448.428009
"483",2016-01-12,435.690002
"484",2016-01-13,432.371002
"485",2016-01-14,430.306
"486",2016-01-15,364.330994
"487",2016-01-16,387.536011
"488",2016-01-17,382.299011
"489",2016-01-18,387.167999
"490",2016-01-19,380.148987
"491",2016-01-20,420.230011
"492",2016-01-21,410.261993
"493",2016-01-22,382.492004
"494",2016-01-23,387.490997
"495",2016-01-24,402.971008
"496",2016-01-25,391.726013
"497",2016-01-26,392.153015
"498",2016-01-27,394.971985
"499",2016-01-28,380.289001
"500",2016-01-29,379.473999
"501",2016-01-30,378.255005
"502",2016-01-31,368.766998
"503",2016-02-01,373.056
"504",2016-02-02,374.447998
"505",2016-02-03,369.949005
"506",2016-02-04,389.593994
"507",2016-02-05,386.549011
"508",2016-02-06,376.522003
"509",2016-02-07,376.619995
"510",2016-02-08,373.446991
"511",2016-02-09,376.028992
"512",2016-02-10,381.648987
"513",2016-02-11,379.653992
"514",2016-02-12,384.263
"515",2016-02-13,391.859985
"516",2016-02-14,407.230011
"517",2016-02-15,400.184998
"518",2016-02-16,407.488007
"519",2016-02-17,416.321991
"520",2016-02-18,422.372986
"521",2016-02-19,420.785004
"522",2016-02-20,437.164001
"523",2016-02-21,438.798004
"524",2016-02-22,437.747986
"525",2016-02-23,420.735992
"526",2016-02-24,424.954987
"527",2016-02-25,424.544006
"528",2016-02-26,432.152008
"529",2016-02-27,432.519012
"530",2016-02-28,433.503998
"531",2016-02-29,437.696991
"532",2016-03-01,435.122986
"533",2016-03-02,423.989014
"534",2016-03-03,421.651001
"535",2016-03-04,410.938995
"536",2016-03-05,400.570007
"537",2016-03-06,407.707001
"538",2016-03-07,414.321014
"539",2016-03-08,413.971985
"540",2016-03-09,414.859985
"541",2016-03-10,417.131012
"542",2016-03-11,421.690002
"543",2016-03-12,411.623993
"544",2016-03-13,414.065002
"545",2016-03-14,416.437988
"546",2016-03-15,416.829987
"547",2016-03-16,417.010986
"548",2016-03-17,420.621002
"549",2016-03-18,409.548004
"550",2016-03-19,410.444
"551",2016-03-20,413.755005
"552",2016-03-21,413.307007
"553",2016-03-22,418.088989
"554",2016-03-23,418.040985
"555",2016-03-24,416.394012
"556",2016-03-25,417.177002
"557",2016-03-26,417.945007
"558",2016-03-27,426.765015
"559",2016-03-28,424.230988
"560",2016-03-29,416.515991
"561",2016-03-30,414.81601
"562",2016-03-31,416.729004
"563",2016-04-01,417.959991
"564",2016-04-02,420.872986
"565",2016-04-03,420.903992
"566",2016-04-04,421.444
"567",2016-04-05,424.029999
"568",2016-04-06,423.412994
"569",2016-04-07,422.744995
"570",2016-04-08,420.348999
"571",2016-04-09,419.411011
"572",2016-04-10,421.563995
"573",2016-04-11,422.483002
"574",2016-04-12,425.190002
"575",2016-04-13,423.734009
"576",2016-04-14,424.282013
"577",2016-04-15,429.713013
"578",2016-04-16,430.571991
"579",2016-04-17,427.398987
"580",2016-04-18,428.591003
"581",2016-04-19,435.509003
"582",2016-04-20,441.389008
"583",2016-04-21,449.424988
"584",2016-04-22,445.737
"585",2016-04-23,450.282013
"586",2016-04-24,458.554993
"587",2016-04-25,461.425995
"588",2016-04-26,466.088989
"589",2016-04-27,444.687012
"590",2016-04-28,449.010986
"591",2016-04-29,455.096985
"592",2016-04-30,448.317993
"593",2016-05-01,451.875
"594",2016-05-02,444.669006
"595",2016-05-03,450.303986
"596",2016-05-04,446.721985
"597",2016-05-05,447.976013
"598",2016-05-06,459.602997
"599",2016-05-07,458.536011
"600",2016-05-08,458.548004
"601",2016-05-09,460.483002
"602",2016-05-10,450.894989
"603",2016-05-11,452.727997
"604",2016-05-12,454.765991
"605",2016-05-13,455.670013
"606",2016-05-14,455.67099
"607",2016-05-15,457.567993
"608",2016-05-16,454.162994
"609",2016-05-17,453.78299
"610",2016-05-18,454.618988
"611",2016-05-19,438.714996
"612",2016-05-20,442.675995
"613",2016-05-21,443.187988
"614",2016-05-22,439.322998
"615",2016-05-23,444.154999
"616",2016-05-24,445.980988
"617",2016-05-25,449.598999
"618",2016-05-26,453.384003
"619",2016-05-27,473.463989
"620",2016-05-28,530.039978
"621",2016-05-29,526.232971
"622",2016-05-30,533.864014
"623",2016-05-31,531.385986
"624",2016-06-01,536.919983
"625",2016-06-02,537.971985
"626",2016-06-03,569.19397
"627",2016-06-04,572.72699
"628",2016-06-05,574.97699
"629",2016-06-06,585.536987
"630",2016-06-07,576.596985
"631",2016-06-08,581.64502
"632",2016-06-09,574.630005
"633",2016-06-10,577.469971
"634",2016-06-11,606.72699
"635",2016-06-12,672.783997
"636",2016-06-13,704.375977
"637",2016-06-14,685.559021
"638",2016-06-15,694.468994
"639",2016-06-16,766.307983
"640",2016-06-17,748.908997
"641",2016-06-18,756.22699
"642",2016-06-19,763.781006
"643",2016-06-20,737.226013
"644",2016-06-21,666.651978
"645",2016-06-22,596.116028
"646",2016-06-23,623.97699
"647",2016-06-24,665.299011
"648",2016-06-25,665.122986
"649",2016-06-26,629.367004
"650",2016-06-27,655.275024
"651",2016-06-28,647.000977
"652",2016-06-29,639.890015
"653",2016-06-30,673.336975
"654",2016-07-01,676.296021
"655",2016-07-02,703.702026
"656",2016-07-03,658.664001
"657",2016-07-04,683.661987
"658",2016-07-05,670.627014
"659",2016-07-06,677.330994
"660",2016-07-07,640.562012
"661",2016-07-08,666.52301
"662",2016-07-09,650.960022
"663",2016-07-10,649.359985
"664",2016-07-11,647.658997
"665",2016-07-12,664.551025
"666",2016-07-13,654.468018
"667",2016-07-14,658.078003
"668",2016-07-15,663.255005
"669",2016-07-16,660.767029
"670",2016-07-17,679.458984
"671",2016-07-18,673.106018
"672",2016-07-19,672.864014
"673",2016-07-20,665.684998
"674",2016-07-21,665.012024
"675",2016-07-22,650.619019
"676",2016-07-23,655.55603
"677",2016-07-24,661.284973
"678",2016-07-25,654.096985
"679",2016-07-26,651.783997
"680",2016-07-27,654.35199
"681",2016-07-28,655.034973
"682",2016-07-29,656.992004
"683",2016-07-30,655.046997
"684",2016-07-31,624.68103
"685",2016-08-01,606.271973
"686",2016-08-02,547.465027
"687",2016-08-03,566.35498
"688",2016-08-04,578.289001
"689",2016-08-05,575.04303
"690",2016-08-06,587.778015
"691",2016-08-07,592.690002
"692",2016-08-08,591.054016
"693",2016-08-09,587.801025
"694",2016-08-10,592.103027
"695",2016-08-11,589.119995
"696",2016-08-12,587.559021
"697",2016-08-13,585.588013
"698",2016-08-14,570.473022
"699",2016-08-15,567.23999
"700",2016-08-16,577.439026
"701",2016-08-17,573.216003
"702",2016-08-18,574.317993
"703",2016-08-19,575.630005
"704",2016-08-20,581.697021
"705",2016-08-21,581.307983
"706",2016-08-22,586.752991
"707",2016-08-23,583.414978
"708",2016-08-24,580.182007
"709",2016-08-25,577.760986
"710",2016-08-26,579.651001
"711",2016-08-27,569.947021
"712",2016-08-28,573.911987
"713",2016-08-29,574.106995
"714",2016-08-30,577.502991
"715",2016-08-31,575.471985
"716",2016-09-01,572.302979
"717",2016-09-02,575.536987
"718",2016-09-03,598.211975
"719",2016-09-04,608.633972
"720",2016-09-05,606.590027
"721",2016-09-06,610.435974
"722",2016-09-07,614.544006
"723",2016-09-08,626.315979
"724",2016-09-09,622.861023
"725",2016-09-10,623.508972
"726",2016-09-11,606.718994
"727",2016-09-12,608.242981
"728",2016-09-13,609.241028
"729",2016-09-14,610.684021
"730",2016-09-15,607.155029
"731",2016-09-16,606.973022
"732",2016-09-17,605.984009
"733",2016-09-18,609.874023
"734",2016-09-19,609.22699
"735",2016-09-20,608.312012
"736",2016-09-21,597.148987
"737",2016-09-22,596.297974
"738",2016-09-23,602.84198
"739",2016-09-24,602.625
"740",2016-09-25,600.825989
"741",2016-09-26,608.04303
"742",2016-09-27,606.166016
"743",2016-09-28,604.728027
"744",2016-09-29,605.692993
"745",2016-09-30,609.734985
"746",2016-10-01,613.982971
"747",2016-10-02,610.892029
"748",2016-10-03,612.132996
"749",2016-10-04,610.203979
"750",2016-10-05,612.510986
"751",2016-10-06,613.020996
"752",2016-10-07,617.120972
"753",2016-10-08,619.107971
"754",2016-10-09,616.752014
"755",2016-10-10,618.994019
"756",2016-10-11,641.072021
"757",2016-10-12,636.192017
"758",2016-10-13,636.786011
"759",2016-10-14,640.377991
"760",2016-10-15,638.645996
"761",2016-10-16,641.630981
"762",2016-10-17,639.192993
"763",2016-10-18,637.960022
"764",2016-10-19,630.52002
"765",2016-10-20,630.856995
"766",2016-10-21,632.828003
"767",2016-10-22,657.294006
"768",2016-10-23,657.070984
"769",2016-10-24,653.760986
"770",2016-10-25,657.588013
"771",2016-10-26,678.304016
"772",2016-10-27,688.312988
"773",2016-10-28,689.651001
"774",2016-10-29,714.479004
"775",2016-10-30,701.864014
"776",2016-10-31,700.971985
"777",2016-11-01,729.79303
"778",2016-11-02,740.828979
"779",2016-11-03,688.700012
"780",2016-11-04,703.234985
"781",2016-11-05,703.41803
"782",2016-11-06,711.521973
"783",2016-11-07,703.130981
"784",2016-11-08,709.848022
"785",2016-11-09,723.27301
"786",2016-11-10,715.533997
"787",2016-11-11,716.411011
"788",2016-11-12,705.054016
"789",2016-11-13,702.031006
"790",2016-11-14,705.020996
"791",2016-11-15,711.619019
"792",2016-11-16,744.197998
"793",2016-11-17,740.97699
"794",2016-11-18,751.585022
"795",2016-11-19,751.616028
"796",2016-11-20,731.026001
"797",2016-11-21,739.247986
"798",2016-11-22,751.346985
"799",2016-11-23,744.593994
"800",2016-11-24,740.289001
"801",2016-11-25,741.648987
"802",2016-11-26,735.382019
"803",2016-11-27,732.034973
"804",2016-11-28,735.812988
"805",2016-11-29,735.604004
"806",2016-11-30,745.690979
"807",2016-12-01,756.773987
"808",2016-12-02,777.94397
"809",2016-12-03,771.155029
"810",2016-12-04,773.872009
"811",2016-12-05,758.700012
"812",2016-12-06,764.223999
"813",2016-12-07,768.132019
"814",2016-12-08,770.809998
"815",2016-12-09,772.794006
"816",2016-12-10,774.650024
"817",2016-12-11,769.731018
"818",2016-12-12,780.086975
"819",2016-12-13,780.55603
"820",2016-12-14,781.481018
"821",2016-12-15,778.088013
"822",2016-12-16,784.906982
"823",2016-12-17,790.828979
"824",2016-12-18,790.530029
"825",2016-12-19,792.713989
"826",2016-12-20,800.875977
"827",2016-12-21,834.281006
"828",2016-12-22,864.539978
"829",2016-12-23,921.984009
"830",2016-12-24,898.822021
"831",2016-12-25,896.182983
"832",2016-12-26,907.609985
"833",2016-12-27,933.197998
"834",2016-12-28,975.921021
"835",2016-12-29,973.497009
"836",2016-12-30,961.237976
"837",2016-12-31,963.742981
"838",2017-01-01,998.325012
"839",2017-01-02,1021.75
"840",2017-01-03,1043.839966
"841",2017-01-04,1154.72998
"842",2017-01-05,1013.380005
"843",2017-01-06,902.200989
"844",2017-01-07,908.585022
"845",2017-01-08,911.198975
"846",2017-01-09,902.828003
"847",2017-01-10,907.679016
"848",2017-01-11,777.757019
"849",2017-01-12,804.833984
"850",2017-01-13,823.984009
"851",2017-01-14,818.411987
"852",2017-01-15,821.797974
"853",2017-01-16,831.533997
"854",2017-01-17,907.937988
"855",2017-01-18,886.617981
"856",2017-01-19,899.072998
"857",2017-01-20,895.026001
"858",2017-01-21,921.789001
"859",2017-01-22,924.672974
"860",2017-01-23,921.012024
"861",2017-01-24,892.687012
"862",2017-01-25,901.541992
"863",2017-01-26,917.585999
"864",2017-01-27,919.75
"865",2017-01-28,921.590027
"866",2017-01-29,919.495972
"867",2017-01-30,920.382019
"868",2017-01-31,970.403015
"869",2017-02-01,989.02301
"870",2017-02-02,1011.799988
"871",2017-02-03,1029.910034
"872",2017-02-04,1042.900024
"873",2017-02-05,1027.339966
"874",2017-02-06,1038.150024
"875",2017-02-07,1061.349976
"876",2017-02-08,1063.069946
"877",2017-02-09,994.382996
"878",2017-02-10,988.674011
"879",2017-02-11,1004.450012
"880",2017-02-12,999.18103
"881",2017-02-13,990.642029
"882",2017-02-14,1004.549988
"883",2017-02-15,1007.47998
"884",2017-02-16,1027.439941
"885",2017-02-17,1046.209961
"886",2017-02-18,1054.420044
"887",2017-02-19,1047.869995
"888",2017-02-20,1079.97998
"889",2017-02-21,1115.300049
"890",2017-02-22,1117.439941
"891",2017-02-23,1166.719971
"892",2017-02-24,1173.680054
"893",2017-02-25,1143.839966
"894",2017-02-26,1165.199951
"895",2017-02-27,1179.969971
"896",2017-02-28,1179.969971
"897",2017-03-01,1222.5
"898",2017-03-02,1251.01001
"899",2017-03-03,1274.98999
"900",2017-03-04,1255.150024
"901",2017-03-05,1267.119995
"902",2017-03-06,1272.829956
"903",2017-03-07,1223.540039
"904",2017-03-08,1150
"905",2017-03-09,1188.48999
"906",2017-03-10,1116.719971
"907",2017-03-11,1175.829956
"908",2017-03-12,1221.380005
"909",2017-03-13,1231.920044
"910",2017-03-14,1240
"911",2017-03-15,1249.609985
"912",2017-03-16,1187.810059
"913",2017-03-17,1100.22998
"914",2017-03-18,973.817993
"915",2017-03-19,1036.73999
"916",2017-03-20,1054.22998
"917",2017-03-21,1120.540039
"918",2017-03-22,1049.140015
"919",2017-03-23,1038.589966
"920",2017-03-24,937.52002
"921",2017-03-25,972.778992
"922",2017-03-26,966.724976
"923",2017-03-27,1045.77002
"924",2017-03-28,1047.150024
"925",2017-03-29,1039.969971
"926",2017-03-30,1026.430054
"927",2017-03-31,1071.790039
"928",2017-04-01,1080.5
"929",2017-04-02,1102.170044
"930",2017-04-03,1143.810059
"931",2017-04-04,1133.25
"932",2017-04-05,1124.780029
"933",2017-04-06,1182.680054
"934",2017-04-07,1176.900024
"935",2017-04-08,1175.949951
"936",2017-04-09,1187.869995
"937",2017-04-10,1187.130005
"938",2017-04-11,1205.01001
"939",2017-04-12,1200.369995
"940",2017-04-13,1169.280029
"941",2017-04-14,1167.540039
"942",2017-04-15,1172.52002
"943",2017-04-16,1182.939941
"944",2017-04-17,1193.910034
"945",2017-04-18,1211.670044
"946",2017-04-19,1210.290039
"947",2017-04-20,1229.079956
"948",2017-04-21,1222.050049
"949",2017-04-22,1231.709961
"950",2017-04-23,1207.209961
"951",2017-04-24,1250.150024
"952",2017-04-25,1265.48999
"953",2017-04-26,1281.079956
"954",2017-04-27,1317.72998
"955",2017-04-28,1316.47998
"956",2017-04-29,1321.790039
"957",2017-04-30,1347.890015
"958",2017-05-01,1421.599976
"959",2017-05-02,1452.819946
"960",2017-05-03,1490.089966
"961",2017-05-04,1537.670044
"962",2017-05-05,1555.449951
"963",2017-05-06,1578.800049
"964",2017-05-07,1596.709961
"965",2017-05-08,1723.349976
"966",2017-05-09,1755.359985
"967",2017-05-10,1787.130005
"968",2017-05-11,1848.569946
"969",2017-05-12,1724.23999
"970",2017-05-13,1804.910034
"971",2017-05-14,1808.910034
"972",2017-05-15,1738.430054
"973",2017-05-16,1734.449951
"974",2017-05-17,1839.089966
"975",2017-05-18,1888.650024
"976",2017-05-19,1987.709961
"977",2017-05-20,2084.72998
"978",2017-05-21,2041.199951
"979",2017-05-22,2173.399902
"980",2017-05-23,2320.419922
"981",2017-05-24,2443.639893
"982",2017-05-25,2304.97998
"983",2017-05-26,2202.419922
"984",2017-05-27,2038.869995
"985",2017-05-28,2155.800049
"986",2017-05-29,2255.610107
"987",2017-05-30,2175.469971
"988",2017-05-31,2286.409912
"989",2017-06-01,2407.879883
"990",2017-06-02,2488.550049
"991",2017-06-03,2515.350098
"992",2017-06-04,2511.810059
"993",2017-06-05,2686.810059
"994",2017-06-06,2863.199951
"995",2017-06-07,2732.159912
"996",2017-06-08,2805.620117
"997",2017-06-09,2823.810059
"998",2017-06-10,2947.709961
"999",2017-06-11,2958.110107
"1000",2017-06-12,2659.629883
"1001",2017-06-13,2717.02002
"1002",2017-06-14,2506.370117
"1003",2017-06-15,2464.580078
"1004",2017-06-16,2518.560059
"1005",2017-06-17,2655.879883
"1006",2017-06-18,2548.290039
"1007",2017-06-19,2589.600098
"1008",2017-06-20,2721.790039
"1009",2017-06-21,2689.100098
"1010",2017-06-22,2705.409912
"1011",2017-06-23,2744.909912
"1012",2017-06-24,2608.719971
"1013",2017-06-25,2589.409912
"1014",2017-06-26,2478.449951
"1015",2017-06-27,2552.449951
"1016",2017-06-28,2574.790039
"1017",2017-06-29,2539.320068
"1018",2017-06-30,2480.840088
"1019",2017-07-01,2434.550049
"1020",2017-07-02,2506.469971
"1021",2017-07-03,2564.060059
"1022",2017-07-04,2601.639893
"1023",2017-07-05,2601.98999
"1024",2017-07-06,2608.560059
"1025",2017-07-07,2518.659912
"1026",2017-07-08,2571.340088
"1027",2017-07-09,2518.439941
"1028",2017-07-10,2372.560059
"1029",2017-07-11,2337.790039
"1030",2017-07-12,2398.840088
"1031",2017-07-13,2357.899902
"1032",2017-07-14,2233.340088
"1033",2017-07-15,1998.859985
"1034",2017-07-16,1929.819946
"1035",2017-07-17,2228.409912
"1036",2017-07-18,2318.879883
"1037",2017-07-19,2273.429932
"1038",2017-07-20,2817.600098
"1039",2017-07-21,2667.76001
"1040",2017-07-22,2810.120117
"1041",2017-07-23,2730.399902
"1042",2017-07-24,2754.860107
"1043",2017-07-25,2576.47998
"1044",2017-07-26,2529.449951
"1045",2017-07-27,2671.780029
"1046",2017-07-28,2809.01001
"1047",2017-07-29,2726.449951
"1048",2017-07-30,2757.179932
"1049",2017-07-31,2875.340088
"1050",2017-08-01,2718.26001
"1051",2017-08-02,2710.669922
"1052",2017-08-03,2804.72998
"1053",2017-08-04,2895.889893
"1054",2017-08-05,3252.909912
"1055",2017-08-06,3213.939941
"1056",2017-08-07,3378.939941
"1057",2017-08-08,3419.939941
"1058",2017-08-09,3342.469971
"1059",2017-08-10,3381.280029
"1060",2017-08-11,3650.620117
"1061",2017-08-12,3884.709961
"1062",2017-08-13,4073.26001
"1063",2017-08-14,4325.129883
"1064",2017-08-15,4181.930176
"1065",2017-08-16,4376.629883
"1066",2017-08-17,4331.689941
"1067",2017-08-18,4160.620117
"1068",2017-08-19,4193.700195
"1069",2017-08-20,4087.659912
"1070",2017-08-21,4001.73999
"1071",2017-08-22,4100.52002
"1072",2017-08-23,4151.52002
"1073",2017-08-24,4334.680176
"1074",2017-08-25,4371.600098
"1075",2017-08-26,4352.399902
"1076",2017-08-27,4382.879883
"1077",2017-08-28,4382.660156
"1078",2017-08-29,4579.02002
"1079",2017-08-30,4565.299805
"1080",2017-08-31,4703.390137
"1081",2017-09-01,4892.009766
"1082",2017-09-02,4578.77002
"1083",2017-09-03,4582.959961
"1084",2017-09-04,4236.310059
"1085",2017-09-05,4376.529785
"1086",2017-09-06,4597.120117
"1087",2017-09-07,4599.879883
"1088",2017-09-08,4228.75
"1089",2017-09-09,4226.060059
"1090",2017-09-10,4122.939941
"1091",2017-09-11,4161.27002
"1092",2017-09-12,4130.810059
"1093",2017-09-13,3882.590088
"1094",2017-09-14,3154.949951
"1095",2017-09-15,3637.52002
"1096",2017-09-16,3625.040039
"1097",2017-09-17,3582.879883
"1098",2017-09-18,4065.199951
"1099",2017-09-19,3924.969971
"1100",2017-09-20,3905.949951
"1101",2017-09-21,3631.040039
"1102",2017-09-22,3630.699951
"1103",2017-09-23,3792.399902
"1104",2017-09-24,3682.840088
"1105",2017-09-25,3926.070068
"1106",2017-09-26,3892.350098
"1107",2017-09-27,4200.669922
"1108",2017-09-28,4174.72998
"1109",2017-09-29,4163.069824
"1110",2017-09-30,4338.709961
"1111",2017-10-01,4403.740234
"1112",2017-10-02,4409.319824
"1113",2017-10-03,4317.47998
"1114",2017-10-04,4229.359863
"1115",2017-10-05,4328.410156
"1116",2017-10-06,4370.810059
"1117",2017-10-07,4426.890137
"1118",2017-10-08,4610.47998
"1119",2017-10-09,4772.02002
"1120",2017-10-10,4781.990234
"1121",2017-10-11,4826.47998
"1122",2017-10-12,5446.910156
"1123",2017-10-13,5647.209961
"1124",2017-10-14,5831.790039
"1125",2017-10-15,5678.189941
"1126",2017-10-16,5725.589844
"1127",2017-10-17,5605.509766
"1128",2017-10-18,5590.689941
"1129",2017-10-19,5708.52002
"1130",2017-10-20,6011.450195
"1131",2017-10-21,6031.600098
"1132",2017-10-22,6008.419922
"1133",2017-10-23,5930.319824
"1134",2017-10-24,5526.640137
"1135",2017-10-25,5750.799805
"1136",2017-10-26,5904.830078
"1137",2017-10-27,5780.899902
"1138",2017-10-28,5753.089844
"1139",2017-10-29,6153.850098
"1140",2017-10-30,6130.529785
"1141",2017-10-31,6468.399902
"1142",2017-11-01,6767.310059
"1143",2017-11-02,7078.5
"1144",2017-11-03,7207.759766
"1145",2017-11-04,7379.950195
"1146",2017-11-05,7407.410156
"1147",2017-11-06,7022.759766
"1148",2017-11-07,7144.379883
"1149",2017-11-08,7459.689941
"1150",2017-11-09,7143.580078
"1151",2017-11-10,6618.140137
"1152",2017-11-11,6357.600098
"1153",2017-11-12,5950.069824
"1154",2017-11-13,6559.490234
"1155",2017-11-14,6635.75
"1156",2017-11-15,7315.540039
"1157",2017-11-16,7871.689941
"1158",2017-11-17,7708.990234
"1159",2017-11-18,7790.149902
"1160",2017-11-19,8036.490234
"1161",2017-11-20,8200.639648
"1162",2017-11-21,8071.259766
"1163",2017-11-22,8253.549805
"1164",2017-11-23,8038.77002
"1165",2017-11-24,8253.69043
"1166",2017-11-25,8790.919922
"1167",2017-11-26,9330.549805
"1168",2017-11-27,9818.349609
"1169",2017-11-28,10058.799805
"1170",2017-11-29,9888.610352
"1171",2017-11-30,10233.599609
"1172",2017-12-01,10975.599609
"1173",2017-12-02,11074.599609
"1174",2017-12-03,11323.200195
"1175",2017-12-04,11657.200195
"1176",2017-12-05,11916.700195
"1177",2017-12-06,14291.5
"1178",2017-12-07,17899.699219
"1179",2017-12-08,16569.400391
"1180",2017-12-09,15178.200195
"1181",2017-12-10,15455.400391
"1182",2017-12-11,16936.800781
"1183",2017-12-12,17415.400391
"1184",2017-12-13,16408.199219
"1185",2017-12-14,16564
"1186",2017-12-15,17706.900391
"1187",2017-12-16,19497.400391
"1188",2017-12-17,19140.800781
"1189",2017-12-18,19114.199219
"1190",2017-12-19,17776.699219
"1191",2017-12-20,16624.599609
"1192",2017-12-21,15802.900391
"1193",2017-12-22,13831.799805
"1194",2017-12-23,14699.200195
"1195",2017-12-24,13925.799805
"1196",2017-12-25,14026.599609
"1197",2017-12-26,16099.799805
"1198",2017-12-27,15838.5
"1199",2017-12-28,14606.5
"1200",2017-12-29,14656.200195
"1201",2017-12-30,12952.200195
"1202",2017-12-31,14156.400391
"1203",2018-01-01,13657.200195
"1204",2018-01-02,14982.099609
"1205",2018-01-03,15201
"1206",2018-01-04,15599.200195
"1207",2018-01-05,17429.5
"1208",2018-01-06,17527
"1209",2018-01-07,16477.599609
"1210",2018-01-08,15170.099609
"1211",2018-01-09,14595.400391
"1212",2018-01-10,14973.299805
"1213",2018-01-11,13405.799805
"1214",2018-01-12,13980.599609
"1215",2018-01-13,14360.200195
"1216",2018-01-14,13772
"1217",2018-01-15,13819.799805
"1218",2018-01-16,11490.5
"1219",2018-01-17,11188.599609
"1220",2018-01-18,11474.900391
"1221",2018-01-19,11607.400391
"1222",2018-01-20,12899.200195
"1223",2018-01-21,11600.099609
"1224",2018-01-22,10931.400391
"1225",2018-01-23,10868.400391
"1226",2018-01-24,11359.400391
"1227",2018-01-25,11259.400391
"1228",2018-01-26,11171.400391
"1229",2018-01-27,11440.700195
"1230",2018-01-28,11786.299805
"1231",2018-01-29,11296.400391
"1232",2018-01-30,10106.299805
"1233",2018-01-31,10221.099609
"1234",2018-02-01,9170.540039
"1235",2018-02-02,8830.75
"1236",2018-02-03,9174.910156
"1237",2018-02-04,8277.009766
"1238",2018-02-05,6955.27002
"1239",2018-02-06,7754
"1240",2018-02-07,7621.299805
"1241",2018-02-08,8265.589844
"1242",2018-02-09,8736.980469
"1243",2018-02-10,8621.900391
"1244",2018-02-11,8129.970215
"1245",2018-02-12,8926.570313
"1246",2018-02-13,8598.30957
"1247",2018-02-14,9494.629883
"1248",2018-02-15,10166.400391
"1249",2018-02-16,10233.900391
"1250",2018-02-17,11112.700195
"1251",2018-02-18,10551.799805
"1252",2018-02-19,11225.299805
"1253",2018-02-20,11403.700195
"1254",2018-02-21,10690.400391
"1255",2018-02-22,10005
"1256",2018-02-23,10301.099609
"1257",2018-02-24,9813.070313
"1258",2018-02-25,9664.730469
"1259",2018-02-26,10366.700195
"1260",2018-02-27,10725.599609
"1261",2018-02-28,10397.900391
"1262",2018-03-01,10951
"1263",2018-03-02,11086.400391
"1264",2018-03-03,11489.700195
"1265",2018-03-04,11512.599609
"1266",2018-03-05,11573.299805
"1267",2018-03-06,10779.900391
"1268",2018-03-07,9965.570313
"1269",2018-03-08,9395.009766
"1270",2018-03-09,9337.549805
"1271",2018-03-10,8866
"1272",2018-03-11,9578.629883
"1273",2018-03-12,9205.120117
"1274",2018-03-13,9194.849609
"1275",2018-03-14,8269.80957
"1276",2018-03-15,8300.860352
"1277",2018-03-16,8338.349609
"1278",2018-03-17,7916.879883
"1279",2018-03-18,8223.679688
"1280",2018-03-19,8630.650391
"1281",2018-03-20,8913.469727
"1282",2018-03-21,8929.280273
"1283",2018-03-22,8728.469727
"1284",2018-03-23,8879.620117
"1285",2018-03-24,8668.120117
"1286",2018-03-25,8495.780273
"1287",2018-03-26,8209.400391
"1288",2018-03-27,7833.040039
"1289",2018-03-28,7954.47998
"1290",2018-03-29,7165.700195
"1291",2018-03-30,6890.52002
"1292",2018-03-31,6973.529785
"1293",2018-04-01,6844.22998
"1294",2018-04-02,7083.799805
"1295",2018-04-03,7456.109863
"1296",2018-04-04,6853.839844
"1297",2018-04-05,6811.470215
"1298",2018-04-06,6636.319824
"1299",2018-04-07,6911.089844
"1300",2018-04-08,7023.52002
"1301",2018-04-09,6770.72998
"1302",2018-04-10,6834.759766
"1303",2018-04-11,6968.319824
"1304",2018-04-12,7889.25
"1305",2018-04-13,7895.959961
"1306",2018-04-14,7986.240234
"1307",2018-04-15,8329.110352
"1308",2018-04-16,8058.669922
"1309",2018-04-17,7902.089844
"1310",2018-04-18,8163.419922
"1311",2018-04-19,8294.30957
"1312",2018-04-20,8845.830078
"1313",2018-04-21,8895.580078
"1314",2018-04-22,8802.459961
"1315",2018-04-23,8930.879883
"1316",2018-04-24,9697.5
"1317",2018-04-25,8845.740234
"1318",2018-04-26,9281.509766
"1319",2018-04-27,8987.049805
"1320",2018-04-28,9348.480469
"1321",2018-04-29,9419.080078
"1322",2018-04-30,9240.549805
"1323",2018-05-01,9119.009766
"1324",2018-05-02,9235.919922
"1325",2018-05-03,9743.860352
"1326",2018-05-04,9700.759766
"1327",2018-05-05,9858.150391
"1328",2018-05-06,9654.799805
"1329",2018-05-07,9373.009766
"1330",2018-05-08,9234.820313
"1331",2018-05-09,9325.179688
"1332",2018-05-10,9043.94043
"1333",2018-05-11,8441.490234
"1334",2018-05-12,8504.889648
"1335",2018-05-13,8723.94043
"1336",2018-05-14,8716.790039
"1337",2018-05-15,8510.379883
"1338",2018-05-16,8368.830078
"1339",2018-05-17,8094.319824
"1340",2018-05-18,8250.969727
"1341",2018-05-19,8247.179688
"1342",2018-05-20,8513.25
"1343",2018-05-21,8418.990234
"1344",2018-05-22,8041.779785
"1345",2018-05-23,7557.819824
"1346",2018-05-24,7587.339844
"1347",2018-05-25,7480.140137
"1348",2018-05-26,7355.879883
"1349",2018-05-27,7368.220215
"1350",2018-05-28,7135.990234
"1351",2018-05-29,7472.589844
"1352",2018-05-30,7406.52002
"1353",2018-05-31,7494.169922
"1354",2018-06-01,7541.450195
"1355",2018-06-02,7643.450195
"1356",2018-06-03,7720.25
"1357",2018-06-04,7514.470215
"1358",2018-06-05,7633.759766
"1359",2018-06-06,7653.97998
"1360",2018-06-07,7678.240234
"1361",2018-06-08,7624.919922
"1362",2018-06-09,7531.97998
"1363",2018-06-10,6786.02002
"1364",2018-06-11,6906.919922
"1365",2018-06-12,6582.359863
"1366",2018-06-13,6349.899902
"1367",2018-06-14,6675.350098
"1368",2018-06-15,6456.580078
"1369",2018-06-16,6550.160156
"1370",2018-06-17,6499.27002
"1371",2018-06-18,6734.819824
"1372",2018-06-19,6769.939941
"1373",2018-06-20,6776.549805
"1374",2018-06-21,6729.740234
"1375",2018-06-22,6083.689941
"1376",2018-06-23,6162.47998
"1377",2018-06-24,6173.22998
"1378",2018-06-25,6249.180176
"1379",2018-06-26,6093.669922
"1380",2018-06-27,6157.129883
"1381",2018-06-28,5903.439941
"1382",2018-06-29,6218.299805
"1383",2018-06-30,6404
"1384",2018-07-01,6385.819824
"1385",2018-07-02,6614.180176
"1386",2018-07-03,6529.589844
"1387",2018-07-04,6597.549805
"1388",2018-07-05,6639.140137
"1389",2018-07-06,6673.5
"1390",2018-07-07,6856.930176
"1391",2018-07-08,6773.879883
"1392",2018-07-09,6741.75
"1393",2018-07-10,6329.950195
"1394",2018-07-11,6394.709961
"1395",2018-07-12,6228.810059
"1396",2018-07-13,6238.049805
"1397",2018-07-14,6276.120117
"1398",2018-07-15,6359.640137
"1399",2018-07-16,6741.75
"1400",2018-07-17,7321.040039
"1401",2018-07-18,7370.779785
"1402",2018-07-19,7466.859863
"1403",2018-07-20,7354.129883
"1404",2018-07-21,7419.290039
"1405",2018-07-22,7418.490234
"1406",2018-07-23,7711.109863
"1407",2018-07-24,8424.269531
"1408",2018-07-25,8181.390137
"1409",2018-07-26,7951.580078
"1410",2018-07-27,8165.009766
"1411",2018-07-28,8192.150391
"1412",2018-07-29,8218.459961
"1413",2018-07-30,8180.47998
"1414",2018-07-31,7780.439941
"1415",2018-08-01,7624.910156
"1416",2018-08-02,7567.149902
"1417",2018-08-03,7434.390137
"1418",2018-08-04,7032.850098
"1419",2018-08-05,7068.47998
"1420",2018-08-06,6951.799805
"1421",2018-08-07,6753.120117
"1422",2018-08-08,6305.799805
"1423",2018-08-09,6568.22998
"1424",2018-08-10,6184.709961
"1425",2018-08-11,6295.72998
"1426",2018-08-12,6322.689941
"1427",2018-08-13,6297.569824
"1428",2018-08-14,6199.709961
"1429",2018-08-15,6308.52002
"1430",2018-08-16,6334.72998
"1431",2018-08-17,6580.629883
"1432",2018-08-18,6423.759766
"1433",2018-08-19,6506.069824
"1434",2018-08-20,6308.529785
"1435",2018-08-21,6488.759766
"1436",2018-08-22,6376.709961
"1437",2018-08-23,6534.879883
"1438",2018-08-24,6719.959961
"1439",2018-08-25,6763.189941
"1440",2018-08-26,6707.259766
"1441",2018-08-27,6884.640137
"1442",2018-08-28,7096.279785
"1443",2018-08-29,7047.160156
"1444",2018-08-30,6978.22998
"1445",2018-08-31,7037.580078
"1446",2018-09-01,7193.25
"1447",2018-09-02,7272.720215
"1448",2018-09-03,7260.060059
"1449",2018-09-04,7361.660156
"1450",2018-09-05,6792.830078
"1451",2018-09-06,6529.169922
"1452",2018-09-07,6467.069824
"1453",2018-09-08,6225.97998
"1454",2018-09-09,6300.859863
"1455",2018-09-10,6329.700195
"1456",2018-09-11,6321.200195
"1457",2018-09-12,6351.799805
"1458",2018-09-13,6517.310059
"1459",2018-09-14,6512.709961
"1460",2018-09-15,6543.200195
"1461",2018-09-16,6517.180176
"1462",2018-09-17,6281.200195
"1463",2018-09-18,6371.299805
"1464",2018-09-19,6398.540039
"1465",2018-09-20,6519.669922
"1466",2018-09-21,6734.950195
"1467",2018-09-22,6721.97998
"1468",2018-09-23,6710.629883
"1469",2018-09-24,6595.410156
"1470",2018-09-25,6446.470215
"1471",2018-09-26,6495
"1472",2018-09-27,6676.75
"1473",2018-09-28,6644.129883
"1474",2018-09-29,6601.959961
"1475",2018-09-30,6625.560059
"1476",2018-10-01,6589.620117
"1477",2018-10-02,6556.100098
"1478",2018-10-03,6502.589844
"1479",2018-10-04,6576.689941
"1480",2018-10-05,6622.47998
"1481",2018-10-06,6588.310059
"1482",2018-10-07,6602.950195
"1483",2018-10-08,6652.22998
"1484",2018-10-09,6642.640137
"1485",2018-10-10,6585.529785
"1486",2018-10-11,6256.240234
"1487",2018-10-12,6274.580078
"1488",2018-10-13,6285.990234
"1489",2018-10-14,6290.930176
"1490",2018-10-15,6596.540039
"1491",2018-10-16,6596.109863
"1492",2018-10-17,6544.430176
"1493",2018-10-18,6476.709961
"1494",2018-10-19,6465.410156
"1495",2018-10-20,6489.189941
"1496",2018-10-21,6482.350098
"1497",2018-10-22,6487.160156
"1498",2018-10-23,6475.740234
"1499",2018-10-24,6495.839844
"1500",2018-10-25,6476.290039
"1501",2018-10-26,6474.75
"1502",2018-10-27,6480.379883
"1503",2018-10-28,6486.390137
"1504",2018-10-29,6332.629883
"1505",2018-10-30,6334.27002
"1506",2018-10-31,6317.609863
"1507",2018-11-01,6377.779785
"1508",2018-11-02,6388.439941
"1509",2018-11-03,6361.259766
"1510",2018-11-04,6376.129883
"1511",2018-11-05,6419.660156
"1512",2018-11-06,6461.009766
"1513",2018-11-07,6530.140137
"1514",2018-11-08,6453.720215
"1515",2018-11-09,6385.620117
"1516",2018-11-10,6409.220215
"1517",2018-11-11,6411.27002
"1518",2018-11-12,6371.27002
"1519",2018-11-13,6359.490234
"1520",2018-11-14,5738.350098
"1521",2018-11-15,5648.029785
"1522",2018-11-16,5575.549805
"1523",2018-11-17,5554.330078
"1524",2018-11-18,5623.540039
"1525",2018-11-19,4871.490234
"1526",2018-11-20,4451.870117
"1527",2018-11-21,4602.169922
"1528",2018-11-22,4365.939941
"1529",2018-11-23,4347.109863
"1530",2018-11-24,3880.76001
"1531",2018-11-25,4009.969971
"1532",2018-11-26,3779.129883
"1533",2018-11-27,3820.719971
"1534",2018-11-28,4257.419922
"1535",2018-11-29,4278.84668
"1536",2018-11-30,4017.268555
"1537",2018-12-01,4214.671875
"1538",2018-12-02,4139.87793
"1539",2018-12-03,3894.130859
"1540",2018-12-04,3956.893799
"1541",2018-12-05,3753.994873
"1542",2018-12-06,3521.101807
"1543",2018-12-07,3419.937256
"1544",2018-12-08,3476.114746
"1545",2018-12-09,3614.234375
"1546",2018-12-10,3502.656006
"1547",2018-12-11,3424.588135
"1548",2018-12-12,3486.950195
"1549",2018-12-13,3313.677246
"1550",2018-12-14,3242.484863
"1551",2018-12-15,3236.761719
"1552",2018-12-16,3252.839111
"1553",2018-12-17,3545.864746
"1554",2018-12-18,3696.059082
"1555",2018-12-19,3745.950684
"1556",2018-12-20,4134.441406
"1557",2018-12-21,3896.543701
"1558",2018-12-22,4014.182617
"1559",2018-12-23,3998.980225
"1560",2018-12-24,4078.599121
"1561",2018-12-25,3815.490723
"1562",2018-12-26,3857.297607
"1563",2018-12-27,3654.833496
"1564",2018-12-28,3923.918701
"1565",2018-12-29,3820.408691
"1566",2018-12-30,3865.952637
"1567",2018-12-31,3742.700439
"1568",2019-01-01,3843.52002
"1569",2019-01-02,3943.409424
"1570",2019-01-03,3836.741211
"1571",2019-01-04,3857.717529
"1572",2019-01-05,3845.19458
"1573",2019-01-06,4076.632568
"1574",2019-01-07,4025.248291
"1575",2019-01-08,4030.8479
"1576",2019-01-09,4035.296387
"1577",2019-01-10,3678.924561
"1578",2019-01-11,3687.365479
"1579",2019-01-12,3661.301025
"1580",2019-01-13,3552.953125
"1581",2019-01-14,3706.052246
"1582",2019-01-15,3630.675293
"1583",2019-01-16,3655.006836
"1584",2019-01-17,3678.563965
"1585",2019-01-18,3657.839355
"1586",2019-01-19,3728.568359
"1587",2019-01-20,3601.013672
"1588",2019-01-21,3576.032471
"1589",2019-01-22,3604.577148
"1590",2019-01-23,3585.123047
"1591",2019-01-24,3600.865479
"1592",2019-01-25,3599.765869
"1593",2019-01-26,3602.460449
"1594",2019-01-27,3583.96582
"1595",2019-01-28,3470.450439
"1596",2019-01-29,3448.116943
"1597",2019-01-30,3486.181641
"1598",2019-01-31,3457.792725
"1599",2019-02-01,3487.945313
"1600",2019-02-02,3521.060791
"1601",2019-02-03,3464.013428
"1602",2019-02-04,3459.154053
"1603",2019-02-05,3466.357422
"1604",2019-02-06,3413.767822
"1605",2019-02-07,3399.47168
"1606",2019-02-08,3666.780273
"1607",2019-02-09,3671.203613
"1608",2019-02-10,3690.188232
"1609",2019-02-11,3648.430664
"1610",2019-02-12,3653.528564
"1611",2019-02-13,3632.070557
"1612",2019-02-14,3616.880859
"1613",2019-02-15,3620.810791
"1614",2019-02-16,3629.787598
"1615",2019-02-17,3673.836182
"1616",2019-02-18,3915.714355
"1617",2019-02-19,3947.094482
"1618",2019-02-20,3999.820557
"1619",2019-02-21,3954.118164
"1620",2019-02-22,4005.526611
"1621",2019-02-23,4142.526855
"1622",2019-02-24,3810.42749
"1623",2019-02-25,3882.696289
"1624",2019-02-26,3854.35791
"1625",2019-02-27,3851.047363
"1626",2019-02-28,3854.7854
"1627",2019-03-01,3859.58374
"1628",2019-03-02,3864.415039
"1629",2019-03-03,3847.175781
"1630",2019-03-04,3761.557129
"1631",2019-03-05,3896.375
"1632",2019-03-06,3903.942627
"1633",2019-03-07,3911.484375
"1634",2019-03-08,3901.131592
"1635",2019-03-09,3963.313721
"1636",2019-03-10,3951.599854
"1637",2019-03-11,3905.227295
"1638",2019-03-12,3909.15625
"1639",2019-03-13,3906.717285
"1640",2019-03-14,3924.369141
"1641",2019-03-15,3960.911133
"1642",2019-03-16,4048.72583
"1643",2019-03-17,4025.229004
"1644",2019-03-18,4032.507324
"1645",2019-03-19,4071.190186
"1646",2019-03-20,4087.476318
"1647",2019-03-21,4029.326904
"1648",2019-03-22,4023.968262
"1649",2019-03-23,4035.826416
"1650",2019-03-24,4022.168213
"1651",2019-03-25,3963.070557
"1652",2019-03-26,3985.080811
"1653",2019-03-27,4087.066162
"1654",2019-03-28,4069.107178
"1655",2019-03-29,4098.374512
"1656",2019-03-30,4106.660156
"1657",2019-03-31,4105.404297
"1658",2019-04-01,4158.183105
"1659",2019-04-02,4879.87793
"1660",2019-04-03,4973.021973
"1661",2019-04-04,4922.798828
"1662",2019-04-05,5036.681152
"1663",2019-04-06,5059.817383
"1664",2019-04-07,5198.896973
"1665",2019-04-08,5289.770996
"1666",2019-04-09,5204.958496
"1667",2019-04-10,5324.551758
"1668",2019-04-11,5064.487793
"1669",2019-04-12,5089.539063
"1670",2019-04-13,5096.586426
"1671",2019-04-14,5167.722168
"1672",2019-04-15,5067.108398
"1673",2019-04-16,5235.55957
"1674",2019-04-17,5251.937988
"1675",2019-04-18,5298.385742
"1676",2019-04-19,5303.8125
"1677",2019-04-20,5337.88623
"1678",2019-04-21,5314.53125
"1679",2019-04-22,5399.365234
"1680",2019-04-23,5572.362305
"1681",2019-04-24,5464.866699
"1682",2019-04-25,5210.515625
"1683",2019-04-26,5279.348145
"1684",2019-04-27,5268.291016
"1685",2019-04-28,5285.13916
"1686",2019-04-29,5247.352539
"1687",2019-04-30,5350.726563
"1688",2019-05-01,5402.697266
"1689",2019-05-02,5505.283691
"1690",2019-05-03,5768.289551
"1691",2019-05-04,5831.16748
"1692",2019-05-05,5795.708496
"1693",2019-05-06,5746.807129
"1694",2019-05-07,5829.501465
"1695",2019-05-08,5982.45752
"1696",2019-05-09,6174.528809
"1697",2019-05-10,6378.849121
"1698",2019-05-11,7204.771484
"1699",2019-05-12,6972.371582
"1700",2019-05-13,7814.915039
"1701",2019-05-14,7994.416016
"1702",2019-05-15,8205.167969
"1703",2019-05-16,7884.90918
"1704",2019-05-17,7343.895508
"1705",2019-05-18,7271.208008
"1706",2019-05-19,8197.689453
"1707",2019-05-20,7978.309082
"1708",2019-05-21,7963.327637
"1709",2019-05-22,7680.066406
"1710",2019-05-23,7881.84668
"1711",2019-05-24,7987.371582
"1712",2019-05-25,8052.543945
"1713",2019-05-26,8673.21582
"1714",2019-05-27,8805.77832
"1715",2019-05-28,8719.961914
"1716",2019-05-29,8659.487305
"1717",2019-05-30,8319.472656
"1718",2019-05-31,8574.501953
"1719",2019-06-01,8564.016602
"1720",2019-06-02,8742.958008
"1721",2019-06-03,8208.995117
"1722",2019-06-04,7707.770996
"1723",2019-06-05,7824.231445
"1724",2019-06-06,7822.023438
"1725",2019-06-07,8043.951172
"1726",2019-06-08,7954.12793
"1727",2019-06-09,7688.077148
"1728",2019-06-10,8000.32959
"1729",2019-06-11,7927.714355
"1730",2019-06-12,8145.857422
"1731",2019-06-13,8230.923828
"1732",2019-06-14,8693.833008
"1733",2019-06-15,8838.375
"1734",2019-06-16,8994.488281
"1735",2019-06-17,9320.352539
"1736",2019-06-18,9081.762695
"1737",2019-06-19,9273.521484
"1738",2019-06-20,9527.160156
"1739",2019-06-21,10144.556641
"1740",2019-06-22,10701.691406
"1741",2019-06-23,10855.371094
"1742",2019-06-24,11011.102539
"1743",2019-06-25,11790.916992
"1744",2019-06-26,13016.231445
"1745",2019-06-27,11182.806641
"1746",2019-06-28,12407.332031
"1747",2019-06-29,11959.371094
"1748",2019-06-30,10817.155273
"1749",2019-07-01,10583.134766
"1750",2019-07-02,10801.677734
"1751",2019-07-03,11961.269531
"1752",2019-07-04,11215.4375
"1753",2019-07-05,10978.459961
"1754",2019-07-06,11208.550781
"1755",2019-07-07,11450.84668
"1756",2019-07-08,12285.958008
"1757",2019-07-09,12573.8125
"1758",2019-07-10,12156.512695
"1759",2019-07-11,11358.662109
"1760",2019-07-12,11815.986328
"1761",2019-07-13,11392.378906
"1762",2019-07-14,10256.058594
"1763",2019-07-15,10895.089844
"1764",2019-07-16,9477.641602
"1765",2019-07-17,9693.802734
"1766",2019-07-18,10666.482422
"1767",2019-07-19,10530.732422
"1768",2019-07-20,10767.139648
"1769",2019-07-21,10599.105469
"1770",2019-07-22,10343.106445
"1771",2019-07-23,9900.767578
"1772",2019-07-24,9811.925781
"1773",2019-07-25,9911.841797
"1774",2019-07-26,9870.303711
"1775",2019-07-27,9477.677734
"1776",2019-07-28,9552.860352
"1777",2019-07-29,9519.145508
"1778",2019-07-30,9607.423828
"1779",2019-07-31,10085.62793
"1780",2019-08-01,10399.668945
"1781",2019-08-02,10518.174805
"1782",2019-08-03,10821.726563
"1783",2019-08-04,10970.18457
"1784",2019-08-05,11805.65332
"1785",2019-08-06,11478.168945
"1786",2019-08-07,11941.96875
"1787",2019-08-08,11966.407227
"1788",2019-08-09,11862.936523
"1789",2019-08-10,11354.024414
"1790",2019-08-11,11523.579102
"1791",2019-08-12,11382.616211
"1792",2019-08-13,10895.830078
"1793",2019-08-14,10051.704102
"1794",2019-08-15,10311.545898
"1795",2019-08-16,10374.338867
"1796",2019-08-17,10231.744141
"1797",2019-08-18,10345.810547
"1798",2019-08-19,10916.053711
"1799",2019-08-20,10763.232422
"1800",2019-08-21,10138.049805
"1801",2019-08-22,10131.055664
"1802",2019-08-23,10407.964844
"1803",2019-08-24,10159.960938
"1804",2019-08-25,10138.517578
"1805",2019-08-26,10370.820313
"1806",2019-08-27,10185.5
"1807",2019-08-28,9754.422852
"1808",2019-08-29,9510.200195
"1809",2019-08-30,9598.173828
"1810",2019-08-31,9630.664063
"1811",2019-09-01,9757.970703
"1812",2019-09-02,10346.760742
"1813",2019-09-03,10623.540039
"1814",2019-09-04,10594.493164
"1815",2019-09-05,10575.533203
"1816",2019-09-06,10353.302734
"1817",2019-09-07,10517.254883
"1818",2019-09-08,10441.276367
"1819",2019-09-09,10334.974609
"1820",2019-09-10,10115.975586
"1821",2019-09-11,10178.37207
"1822",2019-09-12,10410.126953
"1823",2019-09-13,10360.546875
"1824",2019-09-14,10358.048828
"1825",2019-09-15,10347.712891
"1826",2019-09-16,10276.793945
"1827",2019-09-17,10241.272461
"1828",2019-09-18,10198.248047
"1829",2019-09-19,10266.415039
"1830",2019-09-20,10181.641602
"1831",2019-09-21,10019.716797
"1832",2019-09-22,10070.392578
"1833",2019-09-23,9729.324219
"1834",2019-09-24,8620.566406
"1835",2019-09-25,8486.993164
"1836",2019-09-26,8118.967773
"1837",2019-09-27,8251.845703
"1838",2019-09-28,8245.915039
"1839",2019-09-29,8104.185547
"1840",2019-09-30,8293.868164
"1841",2019-10-01,8343.276367
"1842",2019-10-02,8393.041992
"1843",2019-10-03,8259.992188
"1844",2019-10-04,8205.939453
"1845",2019-10-05,8151.500488
"1846",2019-10-06,7988.155762
"1847",2019-10-07,8245.623047
"1848",2019-10-08,8228.783203
"1849",2019-10-09,8595.740234
"1850",2019-10-10,8586.473633
"1851",2019-10-11,8321.756836
"1852",2019-10-12,8336.555664
"1853",2019-10-13,8321.005859
"1854",2019-10-14,8374.686523
"1855",2019-10-15,8205.369141
"1856",2019-10-16,8047.526855
"1857",2019-10-17,8103.911133
"1858",2019-10-18,7973.20752
"1859",2019-10-19,7988.560547
"1860",2019-10-20,8222.078125
"1861",2019-10-21,8243.720703
"1862",2019-10-22,8078.203125
"1863",2019-10-23,7514.671875
"1864",2019-10-24,7493.48877
"1865",2019-10-25,8660.700195
"1866",2019-10-26,9244.972656
"1867",2019-10-27,9551.714844
"1868",2019-10-28,9256.148438
"1869",2019-10-29,9427.6875
"1870",2019-10-30,9205.726563
"1871",2019-10-31,9199.584961
"1872",2019-11-01,9261.104492
"1873",2019-11-02,9324.717773
"1874",2019-11-03,9235.354492
"1875",2019-11-04,9412.612305
"1876",2019-11-05,9342.527344
"1877",2019-11-06,9360.879883
"1878",2019-11-07,9267.561523
"1879",2019-11-08,8804.880859
"1880",2019-11-09,8813.582031
"1881",2019-11-10,9055.526367
"1882",2019-11-11,8757.788086
"1883",2019-11-12,8815.662109
"1884",2019-11-13,8808.262695
"1885",2019-11-14,8708.094727
"1886",2019-11-15,8491.992188
"1887",2019-11-16,8550.760742
"1888",2019-11-17,8577.975586
"1889",2019-11-18,8309.286133
"1890",2019-11-19,8206.145508
"1891",2019-11-20,8027.268066
"1892",2019-11-21,7642.75
"1893",2019-11-22,7296.577637
"1894",2019-11-23,7397.796875
"1895",2019-11-24,7047.916992
"1896",2019-11-25,7146.133789
"1897",2019-11-26,7218.371094
"1898",2019-11-27,7531.663574
"1899",2019-11-28,7463.105957
"1900",2019-11-29,7761.243652
"1901",2019-11-30,7569.629883
"1902",2019-12-01,7424.29248
"1903",2019-12-02,7321.988281
"1904",2019-12-03,7320.145508
"1905",2019-12-04,7252.034668
"1906",2019-12-05,7448.307617
"1907",2019-12-06,7546.996582
"1908",2019-12-07,7556.237793
"1909",2019-12-08,7564.345215
"1910",2019-12-09,7400.899414
"1911",2019-12-10,7278.119629
"1912",2019-12-11,7217.427246
"1913",2019-12-12,7243.134277
"1914",2019-12-13,7269.68457
"1915",2019-12-14,7124.673828
"1916",2019-12-15,7152.301758
"1917",2019-12-16,6932.480469
"1918",2019-12-17,6640.515137
"1919",2019-12-18,7276.802734
"1920",2019-12-19,7202.844238
"1921",2019-12-20,7218.816406
"1922",2019-12-21,7191.158691
"1923",2019-12-22,7511.588867
"1924",2019-12-23,7355.628418
"1925",2019-12-24,7322.532227
"1926",2019-12-25,7275.155762
"1927",2019-12-26,7238.966797
"1928",2019-12-27,7290.088379
"1929",2019-12-28,7317.990234
"1930",2019-12-29,7422.652832
"1931",2019-12-30,7292.995117
"1932",2019-12-31,7193.599121
"1933",2020-01-01,7200.174316
"1934",2020-01-02,6985.470215
"1935",2020-01-03,7344.884277
"1936",2020-01-04,7410.656738
"1937",2020-01-05,7411.317383
"1938",2020-01-06,7769.219238
"1939",2020-01-07,8163.692383
"1940",2020-01-08,8079.862793
"1941",2020-01-09,7879.071289
"1942",2020-01-10,8166.554199
"1943",2020-01-11,8037.537598
"1944",2020-01-12,8192.494141
"1945",2020-01-13,8144.194336
"1946",2020-01-14,8827.764648
"1947",2020-01-15,8807.010742
"1948",2020-01-16,8723.786133
"1949",2020-01-17,8929.038086
"1950",2020-01-18,8942.808594
"1951",2020-01-19,8706.245117
"1952",2020-01-20,8657.642578
"1953",2020-01-21,8745.894531
"1954",2020-01-22,8680.875977
"1955",2020-01-23,8406.515625
"1956",2020-01-24,8445.43457
"1957",2020-01-25,8367.847656
"1958",2020-01-26,8596.830078
"1959",2020-01-27,8909.819336
"1960",2020-01-28,9358.589844
"1961",2020-01-29,9316.629883
"1962",2020-01-30,9508.993164
"1963",2020-01-31,9350.529297
"1964",2020-02-01,9392.875
"1965",2020-02-02,9344.365234
"1966",2020-02-03,9293.521484
"1967",2020-02-04,9180.962891
"1968",2020-02-05,9613.423828
"1969",2020-02-06,9729.801758
"1970",2020-02-07,9795.943359
"1971",2020-02-08,9865.119141
"1972",2020-02-09,10116.673828
"1973",2020-02-10,9856.611328
"1974",2020-02-11,10208.236328
"1975",2020-02-12,10326.054688
"1976",2020-02-13,10214.379883
"1977",2020-02-14,10312.116211
"1978",2020-02-15,9889.424805
"1979",2020-02-16,9934.433594
"1980",2020-02-17,9690.142578
"1981",2020-02-18,10141.996094
"1982",2020-02-19,9633.386719
"1983",2020-02-20,9608.475586
"1984",2020-02-21,9686.441406
"1985",2020-02-22,9663.181641
"1986",2020-02-23,9924.515625
"1987",2020-02-24,9650.174805
"1988",2020-02-25,9341.705078
"1989",2020-02-26,8820.522461
"1990",2020-02-27,8784.494141
"1991",2020-02-28,8672.455078
"1992",2020-02-29,8599.508789
"1993",2020-03-01,8562.454102
"1994",2020-03-02,8869.669922
"1995",2020-03-03,8787.786133
"1996",2020-03-04,8755.246094
"1997",2020-03-05,9078.762695
"1998",2020-03-06,9122.545898
"1999",2020-03-07,8909.954102
"2000",2020-03-08,8108.116211
"2001",2020-03-09,7923.644531
"2002",2020-03-10,7909.729492
"2003",2020-03-11,7911.430176
"2004",2020-03-12,4970.788086
"2005",2020-03-13,5563.707031
"2006",2020-03-14,5200.366211
"2007",2020-03-15,5392.314941
"2008",2020-03-16,5014.47998
"2009",2020-03-17,5225.629395
"2010",2020-03-18,5238.438477
"2011",2020-03-19,6191.192871
"2012",2020-03-20,6198.77832
"2013",2020-03-21,6185.066406
"2014",2020-03-22,5830.254883
"2015",2020-03-23,6416.314941
"2016",2020-03-24,6734.803711
"2017",2020-03-25,6681.062988
"2018",2020-03-26,6716.44043
"2019",2020-03-27,6469.79834
"2020",2020-03-28,6242.193848
"2021",2020-03-29,5922.042969
"2022",2020-03-30,6429.841797
"2023",2020-03-31,6438.644531
"2024",2020-04-01,6606.776367
"2025",2020-04-02,6793.624512
"2026",2020-04-03,6733.387207
"2027",2020-04-04,6867.527344
"2028",2020-04-05,6791.129395
"2029",2020-04-06,7271.78125
"2030",2020-04-07,7176.414551
"2031",2020-04-08,7334.098633
"2032",2020-04-09,7302.089355
"2033",2020-04-10,6865.493164
"2034",2020-04-11,6859.083008
"2035",2020-04-12,6971.091797
"2036",2020-04-13,6845.037598
"2037",2020-04-14,6842.427734
"2038",2020-04-15,6642.109863
"2039",2020-04-16,7116.804199
"2040",2020-04-18,7257.665039
"2041",2020-04-19,7189.424805
"2042",2020-04-20,6881.958496
"2043",2020-04-21,6880.323242
"2044",2020-04-22,7117.20752
"2045",2020-04-23,7429.724609
"2046",2020-04-24,7550.900879
"2047",2020-04-25,7569.936035
"2048",2020-04-26,7679.867188
"2049",2020-04-27,7795.601074
"2050",2020-04-28,7807.058594
"2051",2020-04-29,8801.038086
"2052",2020-04-30,8658.553711
"2053",2020-05-01,8864.766602
"2054",2020-05-02,8988.59668
"2055",2020-05-03,8897.46875
"2056",2020-05-04,8912.654297
"2057",2020-05-05,9003.070313
"2058",2020-05-06,9268.761719
"2059",2020-05-07,9951.518555
"2060",2020-05-08,9842.666016
"2061",2020-05-09,9593.896484
"2062",2020-05-10,8756.430664
"2063",2020-05-11,8601.795898
"2064",2020-05-12,8804.477539
"2065",2020-05-13,9269.987305
"2066",2020-05-14,9733.72168
"2067",2020-05-15,9328.197266
"2068",2020-05-16,9377.013672
"2069",2020-05-17,9670.739258
"2070",2020-05-18,9726.575195
"2071",2020-05-19,9729.038086
"2072",2020-05-20,9522.981445
"2073",2020-05-21,9081.761719
"2074",2020-05-22,9182.577148
"2075",2020-05-23,9209.287109
"2076",2020-05-24,8790.368164
"2077",2020-05-25,8906.93457
"2078",2020-05-26,8835.052734
"2079",2020-05-27,9181.017578
"2080",2020-05-28,9525.750977
"2081",2020-05-29,9439.124023
"2082",2020-05-30,9700.414063
"2083",2020-05-31,9461.058594
"2084",2020-06-01,10167.268555
"2085",2020-06-02,9529.803711
"2086",2020-06-03,9656.717773
"2087",2020-06-04,9800.636719
"2088",2020-06-05,9665.533203
"2089",2020-06-06,9653.679688
"2090",2020-06-07,9758.852539
"2091",2020-06-08,9771.489258
"2092",2020-06-09,9795.700195
"2093",2020-06-10,9870.094727
"2094",2020-06-11,9321.78125
"2095",2020-06-12,9480.84375
"2096",2020-06-13,9475.277344
"2097",2020-06-14,9386.788086
"2098",2020-06-15,9450.702148
"2099",2020-06-16,9538.024414
"2100",2020-06-17,9480.254883
"2101",2020-06-18,9411.84082
"2102",2020-06-19,9288.018555
"2103",2020-06-20,9332.34082
"2104",2020-06-21,9303.629883
"2105",2020-06-22,9648.717773
"2106",2020-06-23,9629.658203
"2107",2020-06-24,9313.610352
"2108",2020-06-25,9264.813477
"2109",2020-06-26,9162.917969
"2110",2020-06-27,9045.390625
"2111",2020-06-28,9143.582031
"2112",2020-06-29,9190.854492
"2113",2020-06-30,9137.993164
"2114",2020-07-01,9228.325195
"2115",2020-07-02,9123.410156
"2116",2020-07-03,9087.303711
"2117",2020-07-04,9132.488281
"2118",2020-07-05,9073.942383
"2119",2020-07-06,9375.474609
"2120",2020-07-07,9252.277344
"2121",2020-07-08,9428.333008
"2122",2020-07-09,9277.967773
"2123",2020-07-10,9278.807617
"2124",2020-07-11,9240.34668
"2125",2020-07-12,9276.5
"2126",2020-07-13,9243.614258
"2127",2020-07-14,9243.213867
"2128",2020-07-15,9192.836914
"2129",2020-07-16,9132.227539
"2130",2020-07-17,9151.392578
"2131",2020-07-18,9159.040039
"2132",2020-07-19,9185.817383
"2133",2020-07-20,9164.231445
"2134",2020-07-21,9374.887695
"2135",2020-07-22,9525.363281
"2136",2020-07-23,9581.072266
"2137",2020-07-24,9536.892578
"2138",2020-07-25,9677.113281
"2139",2020-07-26,9905.166992
"2140",2020-07-27,10990.873047
"2141",2020-07-28,10912.823242
"2142",2020-07-29,11100.467773
"2143",2020-07-30,11111.213867
"2144",2020-07-31,11323.466797
"2145",2020-08-01,11759.592773
"2146",2020-08-02,11053.614258
"2147",2020-08-03,11246.348633
"2148",2020-08-04,11205.892578
"2149",2020-08-05,11747.022461
"2150",2020-08-06,11779.773438
"2151",2020-08-07,11601.472656
"2152",2020-08-08,11754.045898
"2153",2020-08-09,11675.739258
"2154",2020-08-10,11878.111328
"2155",2020-08-11,11410.525391
"2156",2020-08-12,11584.93457
"2157",2020-08-13,11784.137695
"2158",2020-08-14,11768.871094
"2159",2020-08-15,11865.698242
"2160",2020-08-16,11892.803711
"2161",2020-08-17,12254.402344
"2162",2020-08-18,11991.233398
"2163",2020-08-19,11758.283203
"2164",2020-08-20,11878.37207
"2165",2020-08-21,11592.489258
"2166",2020-08-22,11681.825195
"2167",2020-08-23,11664.847656
"2168",2020-08-24,11774.595703
"2169",2020-08-25,11366.134766
"2170",2020-08-26,11488.363281
"2171",2020-08-27,11323.397461
"2172",2020-08-28,11542.5
"2173",2020-08-29,11506.865234
"2174",2020-08-30,11711.505859
"2175",2020-08-31,11680.820313
"2176",2020-09-01,11970.478516
"2177",2020-09-02,11414.03418
"2178",2020-09-03,10245.296875
"2179",2020-09-04,10511.813477
"2180",2020-09-05,10169.567383
"2181",2020-09-06,10280.351563
"2182",2020-09-07,10369.563477
"2183",2020-09-08,10131.516602
"2184",2020-09-09,10242.347656
"2185",2020-09-10,10363.138672
"2186",2020-09-11,10400.915039
"2187",2020-09-12,10442.170898
"2188",2020-09-13,10323.755859
"2189",2020-09-14,10680.837891
"2190",2020-09-15,10796.951172
"2191",2020-09-16,10974.905273
"2192",2020-09-17,10948.990234
"2193",2020-09-18,10944.585938
"2194",2020-09-19,11094.34668
"2195",2020-09-20,10938.271484
"2196",2020-09-21,10462.259766
"2197",2020-09-22,10538.459961
"2198",2020-09-23,10225.864258
"2199",2020-09-24,10745.548828
"2200",2020-09-25,10702.290039
"2201",2020-09-26,10754.4375
"2202",2020-09-27,10774.426758
"2203",2020-09-28,10721.327148
"2204",2020-09-29,10848.830078
"2205",2020-09-30,10787.618164
"2206",2020-10-01,10623.330078
"2207",2020-10-02,10585.164063
"2208",2020-10-03,10565.493164
"2209",2020-10-04,10684.428711
"2210",2020-10-05,10804.000977
"2211",2020-10-06,10621.664063
"2212",2020-10-07,10679.136719
"2213",2020-10-08,10923.62793
"2214",2020-10-10,11296.361328
"2215",2020-10-11,11384.181641
"2216",2020-10-14,11429.506836
"2217",2020-10-15,11495.349609
"2218",2020-10-16,11322.123047
"2219",2020-10-17,11358.101563
"2220",2020-10-18,11483.359375
"2221",2020-10-19,11742.037109
"2222",2020-10-20,11916.334961
"2223",2020-10-21,12823.689453
"2224",2020-10-22,12965.891602
"2225",2020-10-23,12931.539063
"2226",2020-10-24,13108.0625
"2227",2020-10-25,13031.173828
"2228",2020-10-26,13075.248047
"2229",2020-10-27,13654.21875
"2230",2020-10-28,13271.285156
"2231",2020-10-29,13437.882813
"2232",2020-10-30,13546.522461
"2233",2020-10-31,13780.995117
"2234",2020-11-01,13737.109375
"2235",2020-11-02,13550.489258
"2236",2020-11-03,13950.300781
"2237",2020-11-04,14133.707031
"2238",2020-11-05,15579.848633
"2239",2020-11-06,15565.880859
"2240",2020-11-07,14833.753906
"2241",2020-11-08,15479.567383
"2242",2020-11-09,15332.31543
"2243",2020-11-10,15290.902344
"2244",2020-11-11,15701.339844
"2245",2020-11-12,16276.34375
"2246",2020-11-13,16317.808594
"2247",2020-11-14,16068.138672
"2248",2020-11-15,15955.587891
"2249",2020-11-16,16716.111328
"2250",2020-11-17,17645.40625
"2251",2020-11-18,17804.005859
"2252",2020-11-19,17817.089844
"2253",2020-11-20,18621.314453
"2254",2020-11-21,18642.232422
"2255",2020-11-22,18370.001953
"2256",2020-11-23,18364.121094
"2257",2020-11-24,19107.464844
"2258",2020-11-25,18732.121094
"2259",2020-11-26,17150.623047
"2260",2020-11-27,17108.402344
"2261",2020-11-28,17717.414063
"2262",2020-11-29,18177.484375
"2263",2020-11-30,19625.835938
"2264",2020-12-01,18802.998047
"2265",2020-12-02,19201.091797
"2266",2020-12-03,19445.398438
"2267",2020-12-04,18699.765625
"2268",2020-12-05,19154.230469
"2269",2020-12-06,19345.121094
"2270",2020-12-07,19191.630859
"2271",2020-12-08,18321.144531
"2272",2020-12-09,18553.916016
"2273",2020-12-10,18264.992188
"2274",2020-12-11,18058.904297
"2275",2020-12-12,18803.65625
"2276",2020-12-13,19142.382813
"2277",2020-12-14,19246.644531
"2278",2020-12-15,19417.076172
"2279",2020-12-16,21310.597656
"2280",2020-12-17,22805.162109
"2281",2020-12-18,23137.960938
"2282",2020-12-19,23869.832031
"2283",2020-12-20,23477.294922
"2284",2020-12-21,22803.082031
"2285",2020-12-22,23783.029297
"2286",2020-12-23,23241.345703
"2287",2020-12-24,23735.949219
"2288",2020-12-25,24664.791016
"2289",2020-12-26,26437.037109
"2290",2020-12-27,26272.294922
"2291",2020-12-28,27084.808594
"2292",2020-12-29,27362.4375
"2293",2020-12-30,28840.953125
"2294",2020-12-31,29001.720703
"2295",2021-01-01,29374.152344
"2296",2021-01-02,32127.267578
"2297",2021-01-03,32782.023438
"2298",2021-01-04,31971.914063
"2299",2021-01-05,33992.429688
"2300",2021-01-06,36824.363281
"2301",2021-01-07,39371.042969
"2302",2021-01-08,40797.609375
"2303",2021-01-09,40254.546875
"2304",2021-01-10,38356.441406
"2305",2021-01-11,35566.65625
"2306",2021-01-12,33922.960938
"2307",2021-01-13,37316.359375
"2308",2021-01-14,39187.328125
"2309",2021-01-15,36825.367188
"2310",2021-01-16,36178.140625
"2311",2021-01-17,35791.277344
"2312",2021-01-18,36630.074219
"2313",2021-01-19,36069.804688
"2314",2021-01-20,35547.75
"2315",2021-01-21,30825.699219
"2316",2021-01-22,33005.761719
"2317",2021-01-23,32067.642578
"2318",2021-01-24,32289.378906
"2319",2021-01-25,32366.392578
"2320",2021-01-26,32569.849609
"2321",2021-01-27,30432.546875
"2322",2021-01-28,31649.605469
"2323",2021-01-29,34316.386719
"2324",2021-01-30,34269.523438
"2325",2021-01-31,33114.359375
"2326",2021-02-01,33537.175781
"2327",2021-02-02,35510.289063
"2328",2021-02-03,37472.089844
"2329",2021-02-04,36926.066406
"2330",2021-02-05,38144.308594
"2331",2021-02-06,39266.011719
"2332",2021-02-07,38903.441406
"2333",2021-02-08,46196.464844
"2334",2021-02-09,46481.105469
"2335",2021-02-10,44918.183594
"2336",2021-02-11,47909.332031
"2337",2021-02-12,47504.851563
"2338",2021-02-13,47105.515625
"2339",2021-02-14,48717.289063
"2340",2021-02-15,47945.058594
"2341",2021-02-16,49199.871094
"2342",2021-02-17,52149.007813
"2343",2021-02-18,51679.796875
"2344",2021-02-19,55888.132813
"2345",2021-02-20,56099.519531
"2346",2021-02-21,57539.945313
"2347",2021-02-22,54207.320313
"2348",2021-02-23,48824.425781
"2349",2021-02-24,49705.332031
"2350",2021-02-25,47093.851563
"2351",2021-02-26,46339.761719
"2352",2021-02-27,46188.453125
"2353",2021-02-28,45137.769531
"2354",2021-03-01,49631.242188
"2355",2021-03-02,48378.988281
"2356",2021-03-03,50538.242188
"2357",2021-03-04,48561.167969
"2358",2021-03-05,48927.304688
"2359",2021-03-06,48912.382813
"2360",2021-03-07,51206.691406
"2361",2021-03-08,52246.523438
"2362",2021-03-09,54824.117188
"2363",2021-03-10,56008.550781
"2364",2021-03-11,57805.121094
"2365",2021-03-12,57332.089844
"2366",2021-03-13,61243.085938
"2367",2021-03-14,59302.316406
"2368",2021-03-15,55907.199219
"2369",2021-03-16,56804.902344
"2370",2021-03-17,58870.894531
"2371",2021-03-18,57858.921875
"2372",2021-03-19,58346.652344
"2373",2021-03-20,58313.644531
"2374",2021-03-21,57523.421875
"2375",2021-03-22,54529.144531
"2376",2021-03-23,55131.617188
